{"H": 0.9998720000000001, "H1-": 1.9984540000000002, "He": 1.9998999999999998, "Li": 2.9995000000000003, "Li1+": 1.9999999999999998, "Be": 4.0002, "Be2+": 1.9999999999999991, "B": 4.998600000000001, "C": 5.9992, "Cval": 5.999326, "N": 6.994599999999998, "O": 7.9994000000000005, "O1-": 8.99222, "F": 8.9993, "F1-": 9.997512000000002, "Ne": 9.998999999999999, "Na": 10.9924, "Na1+": 9.9997, "Mg": 11.9865, "Mg2+": 10.000000000000002, "Al": 12.993699999999999, "Al3+": 9.999962999999997, "Siv": 13.997600000000002, "Sival": 13.99906, "Si4+": 9.999987, "P": 14.9993, "S": 15.9998, "Cl": 17.000500000000002, "Cl1-": 17.9942, "Ar": 17.9994, "K": 18.999, "K1+": 18.002200000000002, "Ca": 20.0, "Ca2+": 18.002500000000005, "Sc": 20.998699999999996, "Sc3+": 18.000190000000003, "Ti": 21.9972, "Ti2+": 20.000324, "Ti3+": 18.99881, "Ti4+": 18.00034, "V": 22.995499999999996, "V2+": 21.000600000000002, "V3+": 20.00017, "V5+": 17.99989, "Cr": 23.9937, "Cr2+": 21.999985000000002, "Cr3+": 21.00014, "Mn": 24.992200000000004, "Mn2+": 23.000700000000002, "Mn3+": 22.000047000000002, "Mn4+": 21.000094, "Fe": 25.990400000000005, "Fe2+": 24.0006, "Fe3+": 23.0006, "Co": 26.989, "Co2+": 25.0004, "Co3+": 23.999938, "Ni": 27.987499999999997, "Ni2+": 26.0, "Ni3+": 24.999897999999998, "Cu": 28.9859, "Cu1+": 27.9981, "Cu2+": 26.9995, "Zn": 29.9854, "Zn2+": 27.999599999999997, "Ga": 30.9763, "Ga3+": 27.9998, "Ge": 31.977400000000003, "Ge4+": 27.999901, "As": 32.9826, "Se": 33.988499999999995, "Br": 34.9932, "Br1-": 35.9858, "Kr": 35.9959, "Rb": 36.9783, "Rb1+": 35.9994, "Sr": 37.9825, "Sr2+": 35.9996, "Y": 38.9749, "Y3+": 36.00005, "Zr": 39.968320000000006, "Zr4+": 36.00082, "Nb": 40.959799999999994, "Nb3+": 37.99935, "Nb5+": 36.001505, "Mo": 41.956100000000006, "Mo3+": 38.99891, "Mo5+": 37.001925, "Mo6+": 35.985951, "Tc": 42.99081999999999, "Ru": 43.99527, "Ru3+": 40.99876, "Ru4+": 40.00096, "Rh": 44.99723000000001, "Rh3+": 41.99845, "Rh4+": 41.000640000000004, "Pd": 46.000744, "Pd2+": 43.99364, "Pd4+": 42.000389999999996, "Ag": 46.999100000000006, "Ag1+": 46.001104, "Ag2+": 44.994839999999996, "Cd": 47.9991, "Cd2+": 45.995549999999994, "In": 48.99550000000001, "In3+": 46.00062, "Sn": 49.9963, "Sn2+": 48.0021, "Sn4+": 46.0021, "Sb": 50.998, "Sb3+": 48.001403, "Sb5+": 46.00386, "Te": 51.99897, "I": 53.0006, "I1-": 53.99529999999999, "Xe": 54.001599999999996, "Cs": 54.9879, "Cs1+": 54.0029, "Ba": 55.9901, "Ba2+": 54.00506000000001, "La": 56.983670000000004, "La3+": 54.002148, "Ce": 57.98103, "Ce3+": 55.002006, "Ce4+": 54.001782999999996, "Pr": 58.981880000000004, "Pr3+": 56.0012, "Pr4+": 55.001538999999994, "Nd": 59.97943, "Nd3+": 57.00108999999999, "Pm": 60.97742, "Pm3+": 58.00050999999999, "Sm": 61.975269999999995, "Sm3+": 58.999966, "Eu": 62.9735, "Eu2+": 60.99641999999999, "Eu3+": 59.999474, "Gd": 63.96755, "Gd3+": 60.998188999999996, "Tb": 64.96958, "Tb3+": 61.995067000000006, "Dy": 65.96795, "Dy3+": 62.99722, "Ho": 66.96353, "Ho3+": 63.997355, "Er": 67.96549, "Er3+": 64.99732, "Tm": 68.96446999999999, "Tm3+": 65.99697, "Yb": 69.96365, "Yb2+": 67.99249999999999, "Yb3+": 66.99677999999999, "Lu": 70.96069, "Lu3+": 67.99658, "Hf": 71.95687, "Hf4+": 67.99796, "Ta": 72.95366, "Ta5+": 67.9987, "W": 73.95182000000001, "W6+": 67.99916, "Re": 74.95114, "Os": 75.95129, "Os4+": 71.99449, "Ir": 76.95197, "Ir3+": 73.99121000000001, "Ir4+": 72.99455999999999, "Pt": 77.9549, "Pt2+": 75.98623, "Pt4+": 73.99458000000001, "Au": 78.9572, "Au1+": 77.97787, "Au3+": 75.99194, "Hg": 79.95660000000001, "Hg1+": 78.97355999999999, "Hg2+": 77.98742, "Tl": 80.94153, "Tl1+": 79.97287, "Tl3+": 77.95884, "Pb": 81.9488, "Pb2+": 79.98187, "Pb4+": 77.99534, "Bi": 82.955, "Bi3+": 79.98725000000002, "Bi5+": 77.99685, "Po": 83.96258, "At": 84.97225, "Rn": 85.98219999999999, "Fr": 86.96573000000001, "Ra": 87.97537, "Ra2+": 85.9923, "Ac": 88.97375000000001, "Ac3+": 85.99611, "Th": 89.97212999999999, "Th4+": 85.99848, "Pa": 90.97017, "U": 91.9693, "U3+": 88.99703, "U4+": 87.9987, "U6+": 86.00027, "Np": 92.9668, "Np3+": 89.99687, "Np4+": 88.99879, "Np6+": 87.00029, "Pu": 93.96507, "Pu3+": 90.99686, "Pu4+": 89.99861, "Pu6+": 88.00018, "Am": 94.96381, "Cm": 95.96275000000001, "Bk": 96.96184, "Cf": 97.96101}